nhom_chinh,so_la_ma,nhom_phu,tt,role,ten_goc,ten_sach,ma_ky_hieu,gia_tri_1000d
,,NGÀNH DOANH TRẠI,,NHOM_PHU,NGÀNH DOANH TRẠI,NGÀNH DOANH TRẠI,,24745087.74
DOANH CỤ,I,,I,NHOM_CHINH,DOANH CỤ,DOANH CỤ,,16963089
DOANH CỤ,I,Doanh cụ theo thiết kế mẫu,,NHOM_PHU,Doanh cụ theo thiết kế mẫu,Doanh cụ theo thiết kế mẫu,,1036860
DOANH CỤ,I,Doanh cụ theo thiết kế mẫu,1,MAT_HANG_CO_MA,Tủ áo gỗ 3 buồng (Ký hiệu TA3B-Go-2016-TCHC),Tủ áo gỗ 3 buồng,TA3B-Go-2016-TCHC,0
DOANH CỤ,I,Doanh cụ theo thiết kế mẫu,2,MAT_HANG_CO_MA,Tủ áo gỗ 2 buồng (TA2B-Go-2016-TCHC),Tủ áo gỗ 2 buồng,TA2B-Go-2016-TCHC,0
DOANH CỤ,I,Doanh cụ theo thiết kế mẫu,3,MAT_HANG_CO_MA,Bàn làm việc cấp chỉ huy cấp Tiểu đoàn (BLVCHd-Go-2016-TCHC),Bàn làm việc cấp chỉ huy cấp Tiểu đoàn,BLVCHd-Go-2016-TCHC,0
DOANH CỤ,I,Doanh cụ theo thiết kế mẫu,4,MAT_HANG_CO_MA,Bàn làm việc trợ lý (BTL-Go-2016-TCHC),Bàn làm việc trợ lý,BTL-Go-2016-TCHC,0
DOANH CỤ,I,Doanh cụ theo thiết kế mẫu,5,MAT_HANG_CO_MA,"Bàn họp giao ban cấp Đại đội, Tiểu đoàn (BGBcd-Go-2016-TCHC)","Bàn họp giao ban cấp Đại đội, Tiểu đoàn",BGBcd-Go-2016-TCHC,0
DOANH CỤ,I,Doanh cụ theo thiết kế mẫu,6,MAT_HANG_CO_MA,Bàn hội trường (BHT-Go-2016-TCHC),Bàn hội trường,BHT-Go-2016-TCHC,0
DOANH CỤ,I,Doanh cụ theo thiết kế mẫu,7,MAT_HANG_CO_MA,Ghế trợ lý (GTL-Go-2016-TCHC),Ghế trợ lý,GTL-Go-2016-TCHC,0
DOANH CỤ,I,Doanh cụ theo thiết kế mẫu,8,MAT_HANG_CO_MA,"Giường gỗ cán bộ 1,2 m (GCB-Go-2016-TCHC)","Giường gỗ cán bộ 1,2 m",GCB-Go-2016-TCHC,617500
DOANH CỤ,I,Doanh cụ theo thiết kế mẫu,9,MAT_HANG_CO_MA,Giường sắt 1 tầng (GCS1T-Sa-2016-TCHC),Giường sắt 1 tầng,GCS1T-Sa-2016-TCHC,0
DOANH CỤ,I,Doanh cụ theo thiết kế mẫu,10,MAT_HANG_CO_MA,Giường sắt 2 tầng (GCS2T-Sa-2016-TCHC),Giường sắt 2 tầng,GCS2T-Sa-2016-TCHC,419360
DOANH CỤ,I,Doanh cụ khác (Thường xuyên),,NHOM_PHU,Doanh cụ khác (Thường xuyên),Doanh cụ khác (Thường xuyên),,15926229
DOANH CỤ,I,Doanh cụ khác (Thường xuyên),1,MAT_HANG,Giường - phản,Giường - phản,,6222457
DOANH CỤ,I,Doanh cụ khác (Thường xuyên),1,MAT_HANG,Phản nằm,Phản nằm,,720600
DOANH CỤ,I,Doanh cụ khác (Thường xuyên),2,MAT_HANG,Giường ván (Ván +mễ),Giường ván (Ván +mễ),,0
DOANH CỤ,I,Doanh cụ khác (Thường xuyên),3,MAT_HANG,Giường sắt 1 tầng,Giường sắt 1 tầng,,160050
DOANH CỤ,I,Doanh cụ khác (Thường xuyên),4,MAT_HANG,Giường sắt 2 tầng,Giường sắt 2 tầng,,1686300
DOANH CỤ,I,Doanh cụ khác (Thường xuyên),5,MAT_HANG,Giường gỗ 1 tầng (1m),Giường gỗ 1 tầng (1m),,1889107
DOANH CỤ,I,Doanh cụ khác (Thường xuyên),6,MAT_HANG,"Giường gỗ 1 tầng (1,2 m)","Giường gỗ 1 tầng (1,2 m)",,1669800
DOANH CỤ,I,Doanh cụ khác (Thường xuyên),7,MAT_HANG,Giường gỗ 2 tầng,Giường gỗ 2 tầng,,0
DOANH CỤ,I,Doanh cụ khác (Thường xuyên),8,MAT_HANG,Giường mô đéc đơn 1m,Giường mô đéc đơn 1m,,0
DOANH CỤ,I,Doanh cụ khác (Thường xuyên),9,MAT_HANG,Giường mô đéc đôi,Giường mô đéc đôi,,0
DOANH CỤ,I,Doanh cụ khác (Thường xuyên),10,MAT_HANG,Giường đôi thường,Giường đôi thường,,22500
DOANH CỤ,I,Doanh cụ khác (Thường xuyên),11,MAT_HANG,Giường bệnh viện,Giường bệnh viện,,74100
DOANH CỤ,I,Doanh cụ khác (Thường xuyên),12,MAT_HANG,Giường gấp xếp,Giường gấp xếp,,0
DOANH CỤ,I,Doanh cụ khác (Thường xuyên),13,MAT_HANG,Giường khác,Giường khác,,0
DOANH CỤ,I,Doanh cụ khác (Thường xuyên),2,MAT_HANG,Bàn,Bàn,,3579406
DOANH CỤ,I,Doanh cụ khác (Thường xuyên),1,MAT_HANG,"Bàn l.việc cấp b, c, T.lý, N.viên","Bàn l.việc cấp b, c, T.lý, N.viên",,594000
DOANH CỤ,I,Doanh cụ khác (Thường xuyên),2,MAT_HANG,Bàn L. việc cấp Chỉ huy d trở lên,Bàn L. việc cấp Chỉ huy d trở lên,,214200
DOANH CỤ,I,Doanh cụ khác (Thường xuyên),3,MAT_HANG,"Bàn họp, giao ban các loại","Bàn họp, giao ban các loại",,843600
DOANH CỤ,I,Doanh cụ khác (Thường xuyên),4,MAT_HANG,Bàn nghiệp vụ,Bàn nghiệp vụ,,462726
DOANH CỤ,I,Doanh cụ khác (Thường xuyên),5,MAT_HANG,Bàn hội trường,Bàn hội trường,,1078000
DOANH CỤ,I,Doanh cụ khác (Thường xuyên),6,MAT_HANG,Bàn uống nước các loại,Bàn uống nước các loại,,302080
DOANH CỤ,I,Doanh cụ khác (Thường xuyên),7,MAT_HANG,Bàn gấp xếp,Bàn gấp xếp,,3200
DOANH CỤ,I,Doanh cụ khác (Thường xuyên),8,MAT_HANG,Bàn khác,Bàn khác,,81600
DOANH CỤ,I,Doanh cụ khác (Thường xuyên),3,MAT_HANG,Ghế,Ghế,,3344960
DOANH CỤ,I,Doanh cụ khác (Thường xuyên),1,MAT_HANG,Ghế tựa gỗ,Ghế tựa gỗ,,1187166
DOANH CỤ,I,Doanh cụ khác (Thường xuyên),2,MAT_HANG,Ghế tựa gỗ có đệm,Ghế tựa gỗ có đệm,,462649
DOANH CỤ,I,Doanh cụ khác (Thường xuyên),3,MAT_HANG,Ghế tựa sắt có đệm,Ghế tựa sắt có đệm,,888800
DOANH CỤ,I,Doanh cụ khác (Thường xuyên),4,MAT_HANG,Ghế đẩu,Ghế đẩu,,0
DOANH CỤ,I,Doanh cụ khác (Thường xuyên),5,MAT_HANG,Ghế băng,Ghế băng,,0
DOANH CỤ,I,Doanh cụ khác (Thường xuyên),6,MAT_HANG,Ghế băng tựa,Ghế băng tựa,,10560
DOANH CỤ,I,Doanh cụ khác (Thường xuyên),7,MAT_HANG,Ghế hội trường,Ghế hội trường,,311945
DOANH CỤ,I,Doanh cụ khác (Thường xuyên),8,MAT_HANG,Xalon đệm,Xalon đệm,,37440
DOANH CỤ,I,Doanh cụ khác (Thường xuyên),9,MAT_HANG,Xalon gỗ,Xalon gỗ,,251600
DOANH CỤ,I,Doanh cụ khác (Thường xuyên),10,MAT_HANG,Xalon mây,Xalon mây,,0
DOANH CỤ,I,Doanh cụ khác (Thường xuyên),11,MAT_HANG,Ghế khác,Ghế khác,,194800
DOANH CỤ,I,Doanh cụ khác (Thường xuyên),4,MAT_HANG,Tủ - hòm,Tủ - hòm,,2779406
DOANH CỤ,I,Doanh cụ khác (Thường xuyên),1,MAT_HANG,"Tủ quần, áo gỗ các loại","Tủ quần, áo gỗ các loại",,255246
DOANH CỤ,I,Doanh cụ khác (Thường xuyên),2,MAT_HANG,Tủ tài liệu gỗ,Tủ tài liệu gỗ,,896800
DOANH CỤ,I,Doanh cụ khác (Thường xuyên),3,MAT_HANG,Tủ tài liệu sắt,Tủ tài liệu sắt,,736560
DOANH CỤ,I,Doanh cụ khác (Thường xuyên),4,MAT_HANG,Tủ đầu giường (Tủ cá nhân),Tủ đầu giường (Tủ cá nhân),,514800
DOANH CỤ,I,Doanh cụ khác (Thường xuyên),5,MAT_HANG,Tủ thuốc quân y,Tủ thuốc quân y,,16000
DOANH CỤ,I,Doanh cụ khác (Thường xuyên),6,MAT_HANG,Tủ sách,Tủ sách,,23200
DOANH CỤ,I,Doanh cụ khác (Thường xuyên),7,MAT_HANG,Két sắt,Két sắt,,60800
DOANH CỤ,I,Doanh cụ khác (Thường xuyên),8,MAT_HANG,Hòm tài liệu,Hòm tài liệu,,3000
DOANH CỤ,I,Doanh cụ khác (Thường xuyên),9,MAT_HANG,Tủ hòm khác (tủ hòm gỗ 2 buồng),Tủ hòm khác (tủ hòm gỗ 2 buồng),,273000
DỤNG CỤ SINH HOẠT,II,,II,NHOM_CHINH,DỤNG CỤ SINH HOẠT,DỤNG CỤ SINH HOẠT,,518104
DỤNG CỤ SINH HOẠT,II,,1,MAT_HANG,Dụng cụ sinh hoạt theo thiết kế mẫu,Dụng cụ sinh hoạt theo thiết kế mẫu,,518104
DỤNG CỤ SINH HOẠT,II,,1,MAT_HANG,Chậu giặt fi 450-600 (Bằng nhôm),Chậu giặt fi 450-600 (Bằng nhôm),,27625
DỤNG CỤ SINH HOẠT,II,,2,MAT_HANG,Chậu rửa mặt fi 370 (Bằng nhôm),Chậu rửa mặt fi 370 (Bằng nhôm),,16352
DỤNG CỤ SINH HOẠT,II,,3,MAT_HANG,Xô tôn 4L,Xô tôn 4L,,14269
DỤNG CỤ SINH HOẠT,II,,4,MAT_HANG,"Chậu nhựa 34,5 lít","Chậu nhựa 34,5 lít",,202560
DỤNG CỤ SINH HOẠT,II,,5,MAT_HANG,"Chậu rửa mặt 8,2 lít","Chậu rửa mặt 8,2 lít",,125250
DỤNG CỤ SINH HOẠT,II,,6,MAT_HANG,Xô múc nước 5 lít,Xô múc nước 5 lít,,132048
DỤNG CỤ SINH HOẠT,II,,2,MAT_HANG,Dụng cụ sinh hoạt khác,Dụng cụ sinh hoạt khác,,
"PHƯƠNG TIỆN, THIẾT BỊ",III,,III,NHOM_CHINH,"PHƯƠNG TIỆN, THIẾT BỊ","PHƯƠNG TIỆN, THIẾT BỊ",,5229460
"PHƯƠNG TIỆN, THIẾT BỊ",III,,1,MAT_HANG,"Phòng, chống, cháy","Phòng, chống, cháy",,45140
"PHƯƠNG TIỆN, THIẾT BỊ",III,,1,MAT_HANG,Bơm nước chữa cháy các loại,Bơm nước chữa cháy các loại,,0
"PHƯƠNG TIỆN, THIẾT BỊ",III,,2,MAT_HANG,Bình CO2 các loại,Bình CO2 các loại,,16640
"PHƯƠNG TIỆN, THIẾT BỊ",III,,3,MAT_HANG,Bình bọt các loại,Bình bọt các loại,,28500
"PHƯƠNG TIỆN, THIẾT BỊ",III,,4,MAT_HANG,Các loại bình khí khác,Các loại bình khí khác,,0
"PHƯƠNG TIỆN, THIẾT BỊ",III,,2,MAT_HANG,Phương tiện chống mối mọt,Phương tiện chống mối mọt,,750
"PHƯƠNG TIỆN, THIẾT BỊ",III,,1,MAT_HANG,Bơm tay các loại,Bơm tay các loại,,750
"PHƯƠNG TIỆN, THIẾT BỊ",III,,2,MAT_HANG,Máy phun thuốc trừ sâu,Máy phun thuốc trừ sâu,,0
"PHƯƠNG TIỆN, THIẾT BỊ",III,,3,MAT_HANG,Phương tiện chống mối mọt khác,Phương tiện chống mối mọt khác,,0
"PHƯƠNG TIỆN, THIẾT BỊ",III,,3,MAT_HANG,Thiết bị dùng điện-dẫn,Thiết bị dùng điện-dẫn,,4228150
"PHƯƠNG TIỆN, THIẾT BỊ",III,,1,MAT_HANG,Tủ lạnh các loại,Tủ lạnh các loại,,214600
"PHƯƠNG TIỆN, THIẾT BỊ",III,,2,MAT_HANG,Máy điều hoà nhiệt độ các loại,Máy điều hoà nhiệt độ các loại,,2302500
"PHƯƠNG TIỆN, THIẾT BỊ",III,,3,MAT_HANG,Quạt bàn các loại,Quạt bàn các loại,,86450
"PHƯƠNG TIỆN, THIẾT BỊ",III,,4,MAT_HANG,Quạt trần các loại,Quạt trần các loại,,1009200
"PHƯƠNG TIỆN, THIẾT BỊ",III,,5,MAT_HANG,Quạt đảo trần,Quạt đảo trần,,141600
"PHƯƠNG TIỆN, THIẾT BỊ",III,,6,MAT_HANG,Quạt đứng các loại,Quạt đứng các loại,,154000
"PHƯƠNG TIỆN, THIẾT BỊ",III,,7,MAT_HANG,Quạt treo tường các loại,Quạt treo tường các loại,,289800
"PHƯƠNG TIỆN, THIẾT BỊ",III,,8,MAT_HANG,Quạt thông gió các loại,Quạt thông gió các loại,,0
"PHƯƠNG TIỆN, THIẾT BỊ",III,,9,MAT_HANG,Bình đun nước bằng điện các loại,Bình đun nước bằng điện các loại,,30000
"PHƯƠNG TIỆN, THIẾT BỊ",III,,4,MAT_HANG,Vật chứa đựng dầu,Vật chứa đựng dầu,,71100
"PHƯƠNG TIỆN, THIẾT BỊ",III,,1,MAT_HANG,Phuy các loại,Phuy các loại,,1250
"PHƯƠNG TIỆN, THIẾT BỊ",III,,2,MAT_HANG,Can sắt các loại,Can sắt các loại,,200
"PHƯƠNG TIỆN, THIẾT BỊ",III,,3,MAT_HANG,Can nhựa các loại,Can nhựa các loại,,0
"PHƯƠNG TIỆN, THIẾT BỊ",III,,4,MAT_HANG,Stéccác (3 m3 - 5 m3),Stéccác (3 m3 - 5 m3),,69650
"PHƯƠNG TIỆN, THIẾT BỊ",III,,5,MAT_HANG,Vật chứa nước,Vật chứa nước,,463770
"PHƯƠNG TIỆN, THIẾT BỊ",III,,1,MAT_HANG,Đài nước kim loại,Đài nước kim loại,,0
"PHƯƠNG TIỆN, THIẾT BỊ",III,,2,MAT_HANG,Đài nước bằng bê tông,Đài nước bằng bê tông,,0
"PHƯƠNG TIỆN, THIẾT BỊ",III,,3,MAT_HANG,Đài nước bằng gạch,Đài nước bằng gạch,,75000
"PHƯƠNG TIỆN, THIẾT BỊ",III,,4,MAT_HANG,Bể chứa kim loại,Bể chứa kim loại,,0
"PHƯƠNG TIỆN, THIẾT BỊ",III,,5,MAT_HANG,Bể chứa bằng bê tông,Bể chứa bằng bê tông,,60000
"PHƯƠNG TIỆN, THIẾT BỊ",III,,6,MAT_HANG,Bể chứa bằng gạch,Bể chứa bằng gạch,,0
"PHƯƠNG TIỆN, THIẾT BỊ",III,,7,MAT_HANG,Phuy các loại,Phuy các loại,,0
"PHƯƠNG TIỆN, THIẾT BỊ",III,,8,MAT_HANG,Can sắt các loại,Can sắt các loại,,0
"PHƯƠNG TIỆN, THIẾT BỊ",III,,9,MAT_HANG,Can nhựa các loại,Can nhựa các loại,,420
"PHƯƠNG TIỆN, THIẾT BỊ",III,,10,MAT_HANG,Stéc 3 - 5 m3,Stéc 3 - 5 m3,,328350
"PHƯƠNG TIỆN, THIẾT BỊ",III,,6,MAT_HANG,Trạm xử lý nước,Trạm xử lý nước,,
"PHƯƠNG TIỆN, THIẾT BỊ",III,,7,MAT_HANG,Thiết bị vệ sinh,Thiết bị vệ sinh,,175550
"PHƯƠNG TIỆN, THIẾT BỊ",III,,1,MAT_HANG,Chậu rửa (lavabô),Chậu rửa (lavabô),,143650
"PHƯƠNG TIỆN, THIẾT BỊ",III,,2,MAT_HANG,Bình nóng lạnh các loại,Bình nóng lạnh các loại,,31900
"PHƯƠNG TIỆN, THIẾT BỊ",III,,8,MAT_HANG,Giếng nước,Giếng nước,,245000
"PHƯƠNG TIỆN, THIẾT BỊ",III,,1,MAT_HANG,Giếng xây bằng gạch đá,Giếng xây bằng gạch đá,,95000
"PHƯƠNG TIỆN, THIẾT BỊ",III,,2,MAT_HANG,Giếng khoan,Giếng khoan,,150000
"PHƯƠNG TIỆN, THIẾT BỊ",III,,3,MAT_HANG,Giếng đóng,Giếng đóng,,0
VẬT CHẤT SSCĐ,IV,,IV,NHOM_CHINH,VẬT CHẤT SSCĐ,VẬT CHẤT SSCĐ,,441739.74
VẬT CHẤT SSCĐ,IV,THEO CHỈ THỊ 15,,NHOM_PHU,THEO CHỈ THỊ 15,THEO CHỈ THỊ 15,,441739.74
VẬT CHẤT SSCĐ,IV,THEO CHỈ THỊ 15,1,MAT_HANG,Nhà bạt Chỉ huy (nhà Tiểu đội),Nhà bạt Chỉ huy (nhà Tiểu đội),,9880
VẬT CHẤT SSCĐ,IV,THEO CHỈ THỊ 15,2,MAT_HANG,Nhà bạt Quân y-S16A,Nhà bạt Quân y-S16A,,8500
VẬT CHẤT SSCĐ,IV,THEO CHỈ THỊ 15,3,MAT_HANG,Bể mềm 2 m3,Bể mềm 2 m3,,34750
VẬT CHẤT SSCĐ,IV,THEO CHỈ THỊ 15,4,MAT_HANG,Bể mềm 5 m3,Bể mềm 5 m3,,138381
VẬT CHẤT SSCĐ,IV,THEO CHỈ THỊ 15,5,MAT_HANG,Bể mềm 10 m3,Bể mềm 10 m3,,203019
VẬT CHẤT SSCĐ,IV,THEO CHỈ THỊ 15,6,MAT_HANG,Đèn bão,Đèn bão,,42140
VẬT CHẤT SSCĐ,IV,THEO CHỈ THỊ 15,7,MAT_HANG,Dầu thắp,Dầu thắp,,5069.740000000001
"VẬT CHẤT HL, DT",V,,V,NHOM_CHINH,"VẬT CHẤT HL, DT","VẬT CHẤT HL, DT",,966397
"VẬT CHẤT HL, DT",V,,1,MAT_HANG,Nhà bạt,Nhà bạt,,512946
"VẬT CHẤT HL, DT",V,,1,MAT_HANG,Nhà bạt chỉ huy,Nhà bạt chỉ huy,,21000
"VẬT CHẤT HL, DT",V,,2,MAT_HANG,Nhà bạt tiểu đội + khẩu đội,Nhà bạt tiểu đội + khẩu đội,,167960
"VẬT CHẤT HL, DT",V,,3,MAT_HANG,Nhà bạt trung đội + diễn tập,Nhà bạt trung đội + diễn tập,,205200
"VẬT CHẤT HL, DT",V,,4,MAT_HANG,Nhà bạt quân y,Nhà bạt quân y,,99000
"VẬT CHẤT HL, DT",V,,5,MAT_HANG,Nhà bạt diễn tập 96 m2,Nhà bạt diễn tập 96 m2,,19786
"VẬT CHẤT HL, DT",V,,2,MAT_HANG,Bàn ghế gấp xếp,Bàn ghế gấp xếp,,
"VẬT CHẤT HL, DT",V,,3,MAT_HANG,Đèn bão,Đèn bão,,
"VẬT CHẤT HL, DT",V,,4,MAT_HANG,P. tiện chở nước các loại,P. tiện chở nước các loại,,
"VẬT CHẤT HL, DT",V,,5,MAT_HANG,P. tiện lọc nước tại chỗ các loại,P. tiện lọc nước tại chỗ các loại,,
"VẬT CHẤT HL, DT",V,,6,MAT_HANG,P. tiện chứa nước,P. tiện chứa nước,,1285
"VẬT CHẤT HL, DT",V,,1,MAT_HANG,Can nhựa 5 lít,Can nhựa 5 lít,,140
"VẬT CHẤT HL, DT",V,,2,MAT_HANG,Can nhựa 10 lít,Can nhựa 10 lít,,250
"VẬT CHẤT HL, DT",V,,3,MAT_HANG,Can nhựa gùi 17 lít,Can nhựa gùi 17 lít,,595
"VẬT CHẤT HL, DT",V,,4,MAT_HANG,Can nhựa 20 lít,Can nhựa 20 lít,,300
"VẬT CHẤT HL, DT",V,,5,MAT_HANG,"Sitéc 1,3 m 3","Sitéc 1,3 m 3",,0
"VẬT CHẤT HL, DT",V,,6,MAT_HANG,"Sitéc 3,0 m 3","Sitéc 3,0 m 3",,0
"VẬT CHẤT HL, DT",V,,7,MAT_HANG,"Sitéc 4,0 m 3","Sitéc 4,0 m 3",,0
"VẬT CHẤT HL, DT",V,,7,MAT_HANG,Dầu thắp,Dầu thắp,,
"VẬT CHẤT HL, DT",V,,8,MAT_HANG,Ni lon dày,Ni lon dày,,
"VẬT CHẤT HL, DT",V,,9,MAT_HANG,Máy phát điện,Máy phát điện,,452166
"VẬT CHẤT HL, DT",V,,1,MAT_HANG,Công suất 3KW - 10KW,Công suất 3KW - 10KW,,452166
"VẬT CHẤT HL, DT",V,,2,MAT_HANG,Công suất 5KW,Công suất 5KW,,0
"VẬT CHẤT HL, DT",V,,3,MAT_HANG,Công suất 10KW,Công suất 10KW,,0
MÁY CÁC LOẠI,VI,,VI,NHOM_CHINH,MÁY CÁC LOẠI,MÁY CÁC LOẠI,,626298
MÁY CÁC LOẠI,VI,,1,MAT_HANG,Máy biến áp,Máy biến áp,,27800
MÁY CÁC LOẠI,VI,,1,MAT_HANG,Dưới 50 KVA,Dưới 50 KVA,,27800
MÁY CÁC LOẠI,VI,,2,MAT_HANG,Trên 50 đến 100 KVA,Trên 50 đến 100 KVA,,0
MÁY CÁC LOẠI,VI,,3,MAT_HANG,Trên 100 đến 250 KVA,Trên 100 đến 250 KVA,,0
MÁY CÁC LOẠI,VI,,4,MAT_HANG,Trên 250 đến 400 KVA,Trên 250 đến 400 KVA,,0
MÁY CÁC LOẠI,VI,,5,MAT_HANG,Trên 400 đến 1000 KVA,Trên 400 đến 1000 KVA,,0
MÁY CÁC LOẠI,VI,,6,MAT_HANG,Trên 1000 KVA,Trên 1000 KVA,,0
MÁY CÁC LOẠI,VI,,2,MAT_HANG,Máy phát điện,Máy phát điện,,572598
MÁY CÁC LOẠI,VI,,1,MAT_HANG,Dưới 20 KW (Máy phát10KVA),Dưới 20 KW (Máy phát10KVA),,546000
MÁY CÁC LOẠI,VI,,2,MAT_HANG,Từ 20 KW trở lên,Từ 20 KW trở lên,,0
MÁY CÁC LOẠI,VI,,3,MAT_HANG,Khác (máy phát 5KVA),Khác (máy phát 5KVA),,26598
MÁY CÁC LOẠI,VI,,3,MAT_HANG,Máy bơm nước,Máy bơm nước,,25900
MÁY CÁC LOẠI,VI,,1,MAT_HANG,Dưới 20 m3/giờ,Dưới 20 m3/giờ,,0
MÁY CÁC LOẠI,VI,,2,MAT_HANG,Từ 20 m3/giờ trở lên,Từ 20 m3/giờ trở lên,,0
MÁY CÁC LOẠI,VI,,3,MAT_HANG,Máy bơm nước các loại,Máy bơm nước các loại,,25900
MÁY CÁC LOẠI,VI,,4,MAT_HANG,Máy khác do ngành doanh trại quản lý,Máy khác do ngành doanh trại quản lý,,0
